classname,classFilename,opsgenieDomain
AccountInfo,account_info,account
AccountPlan,account_plan,account
AcknowledgeAlertPayload,acknowledge_alert_payload,alert
AddDetailsToAlertPayload,add_details_to_alert_payload,alert
AddDetailsToAlertPayloadAllOf,add_details_to_alert_payload_all_of,alert
AddNoteToAlertPayload,add_note_to_alert_payload,alert
AddResponderToAlertPayload,add_responder_to_alert_payload,alert
AddResponderToAlertPayloadAllOf,add_responder_to_alert_payload_all_of,alert
AddTagsToAlertPayload,add_tags_to_alert_payload,alert
AddTagsToAlertPayloadAllOf,add_tags_to_alert_payload_all_of,alert
AddTeamToAlertPayload,add_team_to_alert_payload,alert
AddTeamToAlertPayloadAllOf,add_team_to_alert_payload_all_of,alert
Alert,alert,alert
AlertActionPayload,alert_action_payload,alert
AlertAllOf,alert_all_of,alert
AlertAttachment,alert_attachment,alert
AlertAttachmentMeta,alert_attachment_meta,alert
AlertIntegration,alert_integration,alert
AlertLog,alert_log,alert
AlertNote,alert_note,alert
AlertPaging,alert_paging,alert
AlertRecipient,alert_recipient,alert
AlertReport,alert_report,alert
AlertRequestStatus,alert_request_status,alert
AlertTeamMeta,alert_team_meta,alert
AlertUserMeta,alert_user_meta,alert
AllRecipient,all_recipient,common
AssignAlertPayload,assign_alert_payload,alert
AssignAlertPayloadAllOf,assign_alert_payload_all_of,alert
BaseAlert,base_alert,alert
BaseIncident,base_incident,incident
BaseResponse,base_response,common
BaseResponseWithExpandable,base_response_with_expandable,common
BaseResponseWithExpandableAllOf,base_response_with_expandable_all_of,common
CloseAlertPayload,close_alert_payload,alert
CloseIncidentPayload,close_incident_payload,incident
Condition,condition,common
CreateAlertPayload,create_alert_payload,alert
CreateAlertPayloadAllOf,create_alert_payload_all_of,alert
CreateHeartbeatPayload,create_heartbeat_payload,heartbeat
CreateHeartbeatPayloadAllOf,create_heartbeat_payload_all_of,heartbeat
CreateHeartbeatPayloadAllOfOwnerTeam,create_heartbeat_payload_all_of_owner_team,heartbeat
CreateHeartbeatResponse,create_heartbeat_response,heartbeat
CreateHeartbeatResponseAllOf,create_heartbeat_response_all_of,heartbeat
CreateIncidentPayload,create_incident_payload,incident
CreateIncidentPayloadAllOf,create_incident_payload_all_of,incident
CreateSavedSearchPayload,create_saved_search_payload,alert
CreateSavedSearchResponse,create_saved_search_response,alert
CreateSavedSearchResponseAllOf,create_saved_search_response_all_of,alert
DisableHeartbeatResponse,disable_heartbeat_response,heartbeat
DisableHeartbeatResponseAllOf,disable_heartbeat_response_all_of,heartbeat
Duration,duration,common
EnableHeartbeatResponse,enable_heartbeat_response,heartbeat
ErrorResponse,error_response,common
ErrorResponseAllOf,error_response_all_of,common
EscalateAlertToNextPayload,escalate_alert_to_next_payload,alert
EscalateAlertToNextPayloadAllOf,escalate_alert_to_next_payload_all_of,alert
EscalationRecipient,escalation_recipient,common
ExecuteCustomAlertActionPayload,execute_custom_alert_action_payload,alert
Filter,filter,common
GetAccountInfoResponse,get_account_info_response,account
GetAccountInfoResponseAllOf,get_account_info_response_all_of,account
GetAlertAttachmentResponse,get_alert_attachment_response,alert
GetAlertAttachmentResponseAllOf,get_alert_attachment_response_all_of,alert
GetAlertResponse,get_alert_response,alert
GetAlertResponseAllOf,get_alert_response_all_of,alert
GetCountAlertsResponse,get_count_alerts_response,alert
GetCountAlertsResponseAllOf,get_count_alerts_response_all_of,alert
GetCountAlertsResponseAllOfData,get_count_alerts_response_all_of_data,alert
GetHeartbeatResponse,get_heartbeat_response,heartbeat
GetIncidentRequestStatusResponse,get_incident_request_status_response,incident
GetIncidentRequestStatusResponseAllOf,get_incident_request_status_response_all_of,incident
GetIncidentResponse,get_incident_response,incident
GetIncidentResponseAllOf,get_incident_response_all_of,incident
GetRequestStatusResponse,get_request_status_response,alert
GetRequestStatusResponseAllOf,get_request_status_response_all_of,alert
GetSavedSearchResponse,get_saved_search_response,alert
GetSavedSearchResponseAllOf,get_saved_search_response_all_of,alert
GroupRecipient,group_recipient,common
Heartbeat,heartbeat,heartbeat
HeartbeatMeta,heartbeat_meta,heartbeat
Incident,incident,incident
IncidentActionPayload,incident_action_payload,incident
IncidentAllOf,incident_all_of,incident
IncidentRequestStatus,incident_request_status,incident
ListAlertAttachmentsResponse,list_alert_attachments_response,alert
ListAlertAttachmentsResponseAllOf,list_alert_attachments_response_all_of,alert
ListAlertLogsResponse,list_alert_logs_response,alert
ListAlertLogsResponseAllOf,list_alert_logs_response_all_of,alert
ListAlertNotesResponse,list_alert_notes_response,alert
ListAlertNotesResponseAllOf,list_alert_notes_response_all_of,alert
ListAlertRecipientsResponse,list_alert_recipients_response,alert
ListAlertRecipientsResponseAllOf,list_alert_recipients_response_all_of,alert
ListAlertsResponse,list_alerts_response,alert
ListAlertsResponseAllOf,list_alerts_response_all_of,alert
ListHeartbeatResponse,list_heartbeat_response,heartbeat
ListHeartbeatResponseAllOf,list_heartbeat_response_all_of,heartbeat
ListHeartbeatResponseAllOfData,list_heartbeat_response_all_of_data,heartbeat
ListIncidentsResponse,list_incidents_response,incident
ListIncidentsResponseAllOf,list_incidents_response_all_of,incident
ListSavedSearchesResponse,list_saved_searches_response,alert
ListSavedSearchesResponseAllOf,list_saved_searches_response_all_of,alert
MatchAll,match_all,common
MatchAllConditions,match_all_conditions,common
MatchAnyCondition,match_any_condition,common
MatchAnyConditionAllOf,match_any_condition_all_of,common
NoRecipient,no_recipient,common
PageDetails,page_details,common
Recipient,recipient,common
Responder,responder,common
SavedSearch,saved_search,alert
SavedSearchEntity,saved_search_entity,alert
SavedSearchMeta,saved_search_meta,alert
ScheduleRecipient,schedule_recipient,common
SnoozeAlertPayload,snooze_alert_payload,alert
SnoozeAlertPayloadAllOf,snooze_alert_payload_all_of,alert
StatusPageEntry,status_page_entry,incident
StatusPageEntryAllOf,status_page_entry_all_of,incident
SuccessData,success_data,common
SuccessResponse,success_response,common
SuccessResponseAllOf,success_response_all_of,common
TeamRecipient,team_recipient,common
TeamRecipientAllOf,team_recipient_all_of,common
TeamResponder,team_responder,common
TimeOfDayRestriction,time_of_day_restriction,common
TimeOfDayRestrictionInterval,time_of_day_restriction_interval,common
TimeOfDayRestrictionIntervalAllOf,time_of_day_restriction_interval_all_of,common
TimeRestrictionInterval,time_restriction_interval,common
UnAcknowledgeAlertPayload,un_acknowledge_alert_payload,alert
UpdateAlertDescriptionPayload,update_alert_description_payload,alert
UpdateAlertMessagePayload,update_alert_message_payload,alert
UpdateAlertPriorityPayload,update_alert_priority_payload,alert
UpdateHeartbeatPayload,update_heartbeat_payload,heartbeat
UpdateHeartbeatResponse,update_heartbeat_response,heartbeat
UpdateSavedSearchPayload,update_saved_search_payload,alert
UserRecipient,user_recipient,common
UserRecipientAllOf,user_recipient_all_of,common
UserResponder,user_responder,common
UserResponderAllOf,user_responder_all_of,common
WeekdayTimeRestriction,weekday_time_restriction,common
WeekdayTimeRestrictionInterval,weekday_time_restriction_interval,common
WeekdayTimeRestrictionIntervalAllOf,weekday_time_restriction_interval_all_of,common
